,PassengerId,Pclass,Age,SibSp,Parch,Fare,cell_number,Cabin_letter,Title,FamilyName,Special Agent/route,TicketBatch,SharedTicket,Male,Embarked_C,Embarked_S,Survived_pred_logit,Survived_RF_pred
0,892,3,0.3745019820744908,0,0,-0.2852271699867826,0.296728189505254,0.3193667992295367,0.1473617758255134,0.6881028471447279,0.3786693299824863,0,0,1,0,0,0,0
1,893,3,1.3334339620010514,1,0,-0.3209268483796944,0.296728189505254,0.3193667992295367,0.7845064047815421,0.3777267508610792,0.3786693299824863,0,0,0,0,1,0,1
2,894,2,2.484152337912924,0,0,-0.2052214869699618,0.296728189505254,0.3193667992295367,0.1473617758255134,0.3777267508610792,0.3786693299824863,0,0,1,0,0,0,0
3,895,3,-0.2008572058814454,0,0,-0.2493509736471621,0.296728189505254,0.3193667992295367,0.1473617758255134,0.3777267508610792,0.3786693299824863,0,0,1,0,1,0,0
4,896,3,-0.5844299978520697,1,1,-0.0932832768619414,0.296728189505254,0.3193667992295367,0.7845064047815421,1.0,0.3786693299824863,0,1,0,0,1,1,1
5,897,3,-1.1981464650050684,0,0,-0.2251335724218693,0.296728189505254,0.3193667992295367,0.1473617758255134,0.0,0.3786693299824863,1,0,1,0,1,0,0
6,898,3,0.029286469300929,0,0,-0.2938378015335535,0.296728189505254,0.3193667992295367,0.694557287993632,1.0,0.3786693299824863,0,0,0,0,0,1,1
7,899,2,-0.2775717642755703,1,1,0.6262426217650934,0.296728189505254,0.3193667992295367,0.1473617758255134,1.0,0.3786693299824863,0,1,1,0,1,0,0
8,900,3,-0.891288231428569,0,0,-0.3110590646270951,0.296728189505254,0.3193667992295367,0.7845064047815421,0.3777267508610792,0.3786693299824863,1,0,0,1,0,1,1
9,901,3,-0.6611445562461945,2,0,0.4174348067559014,0.296728189505254,0.3193667992295367,0.1473617758255134,0.3439711630122422,0.0,0,1,1,0,1,0,0
10,902,3,0.0201679979384609,0,0,-0.282359829681708,0.296728189505254,0.3193667992295367,0.1473617758255134,0.3777267508610792,0.3786693299824863,0,0,1,0,1,0,0
11,903,1,1.2567194036069265,0,0,0.4970831485635313,0.296728189505254,0.3193667992295367,0.1473617758255134,0.3777267508610792,0.3786693299824863,1,0,1,0,1,0,0
12,904,1,-0.5077154394579448,1,0,2.919542258826973,1.0,0.7268780919794394,0.7845064047815421,0.3777267508610792,0.3786693299824863,0,0,0,0,1,1,1
13,905,2,2.560866896307049,1,0,0.4970831485635313,0.296728189505254,0.3193667992295367,0.1473617758255134,0.3777267508610792,0.3786693299824863,0,0,1,0,1,0,0
14,906,1,1.3334339620010514,1,0,2.0114779718518454,0.4575498184364253,0.7237375661374565,0.7845064047815421,0.0,0.0,1,1,0,0,1,1,1
15,907,2,-0.43100088106382,1,0,0.5711690223919473,0.296728189505254,0.3193667992295367,0.7845064047815421,0.0,0.4219840429257837,1,1,0,1,0,1,1
16,908,2,0.4128592612715532,0,0,-0.0905924545035755,0.296728189505254,0.3193667992295367,0.1473617758255134,0.4575498184364253,0.3786693299824863,0,0,1,0,0,0,0
17,909,3,-0.6611445562461945,0,0,-0.3112398878895773,0.296728189505254,0.3193667992295367,0.1473617758255134,0.3777267508610792,0.3786693299824863,1,0,1,1,0,0,0
18,910,3,-0.2008572058814454,1,0,-0.2811026774758794,0.296728189505254,0.3193667992295367,0.694557287993632,0.0,0.4815886316600946,0,0,0,0,1,0,0
19,911,3,1.1800048452128016,0,0,-0.3112398878895773,0.296728189505254,0.3193667992295367,0.7845064047815421,0.3777267508610792,0.3786693299824863,1,0,0,1,0,1,1
20,912,1,1.94715042915405,1,0,1.9350586168742543,0.296728189505254,0.3193667992295367,0.1473617758255134,1.0,0.6335959636637203,0,1,1,1,0,0,0
21,913,3,-1.5817192569756926,0,1,-0.4857859999741681,0.296728189505254,0.3193667992295367,0.5592338691102279,0.0,0.3962228624557199,0,0,1,0,1,0,0
22,914,1,0.0201679979384609,0,0,0.7417671599123438,0.296728189505254,0.3193667992295367,0.7845064047815421,0.3777267508610792,0.6335959636637203,0,0,0,0,1,1,1
23,915,1,-0.6611445562461945,0,1,2.0202694266610983,0.296728189505254,0.3193667992295367,0.1473617758255134,0.2712368797383162,0.6335959636637203,0,1,1,1,0,0,0
24,916,1,1.4101485203951762,1,3,10.673773307903268,1.0,0.7268780919794394,0.7845064047815421,1.0,0.6335959636637203,0,1,0,1,0,1,1
25,917,3,1.5635776371834258,1,0,0.0019718346242105,0.296728189505254,0.3193667992295367,0.1473617758255134,0.0,0.1171929876680605,1,1,1,0,1,0,0
26,918,1,-0.5844299978520697,0,1,2.046101321301411,0.6881028471447279,0.7268780919794394,0.694557287993632,0.0,0.3786693299824863,0,1,0,1,0,1,1
27,919,3,-0.5460727186550073,0,0,-0.3112398878895773,0.296728189505254,0.3193667992295367,0.1473617758255134,0.3777267508610792,0.3786693299824863,1,0,1,1,0,0,0
28,920,1,0.8731466116363023,0,0,0.6908223583658744,1.0,0.4250495929995806,0.1473617758255134,0.3777267508610792,0.3786693299824863,0,0,1,0,1,0,0
29,921,3,0.0201679979384609,2,0,0.3110590646270951,0.296728189505254,0.3193667992295367,0.1473617758255134,0.0,0.3786693299824863,1,1,1,1,0,0,0
30,922,2,1.5635776371834258,1,0,0.4970831485635313,0.296728189505254,0.3193667992295367,0.1473617758255134,1.0,0.4575498184364253,1,1,1,0,1,0,0
31,923,2,-0.43100088106382,2,0,0.7338755160997283,0.296728189505254,0.3193667992295367,0.1473617758255134,0.3777267508610792,0.3422902744510558,0,0,1,0,1,0,0
32,924,3,0.2594301444833035,1,2,0.2635197678573734,0.296728189505254,0.3193667992295367,0.7845064047815421,0.4575498184364253,0.3422902744510558,1,1,0,0,1,0,1
33,925,3,0.0201679979384609,1,2,0.3872975963422037,0.296728189505254,0.3193667992295367,0.7845064047815421,0.0,0.1102419521128781,1,1,0,0,1,0,0
34,926,1,0.029286469300929,1,0,1.8640209066133957,0.5974290683254926,0.3193667992295367,0.1473617758255134,0.3777267508610792,0.3786693299824863,0,0,1,1,0,0,0
35,928,3,0.0201679979384609,0,0,-0.2757210327591477,0.296728189505254,0.3193667992295367,0.694557287993632,0.3777267508610792,0.3786693299824863,0,0,0,0,1,1,0
36,929,3,-0.6611445562461945,0,0,-0.2493509736471621,0.296728189505254,0.3193667992295367,0.694557287993632,0.0,0.3786693299824863,0,0,0,0,1,1,0
37,930,3,-0.3542863226696952,0,0,-0.2132939540450594,0.296728189505254,0.3193667992295367,0.1473617758255134,0.3777267508610792,0.3786693299824863,0,0,1,0,1,0,0
38,931,3,0.0201679979384609,0,0,1.810023636183596,0.296728189505254,0.3193667992295367,0.1473617758255134,0.3777267508610792,0.3786693299824863,1,1,1,0,1,0,1
39,932,3,0.7197174948480526,0,1,-0.0446676511488735,0.296728189505254,0.3193667992295367,0.1473617758255134,1.0,0.3786693299824863,0,1,1,1,0,0,0
40,933,1,0.0201679979384609,0,0,0.5207623853171511,1.0,0.7570437755286451,0.1473617758255134,0.3777267508610792,0.3786693299824863,0,0,1,0,1,0,1
41,934,3,0.8731466116363023,0,0,-0.2843316643059185,0.296728189505254,0.3193667992295367,0.1473617758255134,0.5974290683254926,0.0774802837748113,0,0,1,0,1,0,0
42,935,2,0.029286469300929,0,0,-0.0626079019765704,0.296728189505254,0.3193667992295367,0.7845064047815421,0.3777267508610792,0.3786693299824863,0,0,0,0,1,1,1
43,936,1,1.1800048452128016,1,0,1.6403253096598371,0.3439711630122422,0.7570437755286451,0.7845064047815421,1.0,0.3786693299824863,0,1,0,0,1,1,1
44,937,3,-0.3542863226696952,0,0,-0.2811026774758794,0.296728189505254,0.3193667992295367,0.1473617758255134,0.3777267508610792,0.4135773537830043,0,0,1,0,1,0,0
45,938,1,1.1800048452128016,0,0,0.6563798321787911,1.0,0.4250495929995806,0.1473617758255134,0.3777267508610792,0.6335959636637203,0,0,1,1,0,0,0
46,939,3,0.0201679979384609,0,0,-0.2886369800793039,0.296728189505254,0.3193667992295367,0.1473617758255134,0.3777267508610792,0.3786693299824863,0,0,1,0,0,0,0
47,940,1,2.3307232211246744,0,0,2.662299641367196,1.0,0.7570437755286451,0.7845064047815421,0.3777267508610792,0.3786693299824863,0,1,0,1,0,1,1
48,941,3,0.4895738196656781,0,2,0.0622462554516061,0.296728189505254,0.3193667992295367,0.7845064047815421,1.0,0.3422902744510558,0,1,0,0,1,1,1
49,942,1,-0.43100088106382,1,0,1.960890511514567,0.4575498184364253,0.3193667992295367,0.1473617758255134,0.2712368797383162,0.3786693299824863,0,0,1,0,1,0,0
50,943,2,-0.2008572058814454,0,0,0.0249320836436748,0.296728189505254,0.3193667992295367,0.1473617758255134,0.3777267508610792,0.4219840429257837,1,0,1,1,0,0,0
51,944,2,-0.7378591146403194,2,1,0.3679236753619694,0.296728189505254,0.3193667992295367,0.694557287993632,0.4575498184364253,0.3786693299824863,0,1,0,0,1,1,1
52,945,1,-0.1241426474873206,3,2,10.700681531486929,0.296728189505254,0.3193667992295367,0.694557287993632,0.4743165946282237,0.3786693299824863,0,1,0,0,1,1,1
53,946,2,0.0201679979384609,0,0,0.0484348024505857,0.296728189505254,0.3193667992295367,0.1473617758255134,0.3777267508610792,0.3777267508610792,1,0,1,1,0,0,0
54,947,3,-1.5050046985815675,4,1,0.6316242664818251,0.296728189505254,0.3193667992295367,0.5592338691102279,0.0,0.3786693299824863,0,1,1,0,0,0,0
55,948,3,0.4128592612715532,0,0,-0.282359829681708,0.296728189505254,0.3193667992295367,0.1473617758255134,0.0,0.3786693299824863,0,0,1,0,1,0,0
56,949,3,-0.3542863226696952,0,0,-0.2929422958526893,0.0,0.0,0.1473617758255134,0.3777267508610792,0.3786693299824863,0,0,1,0,1,0,0
57,950,3,0.0201679979384609,1,0,0.0708568869983769,0.296728189505254,0.3193667992295367,0.1473617758255134,1.0,0.3786693299824863,0,1,1,0,1,0,0
58,951,1,0.4895738196656781,0,0,10.673773307903268,0.3777267508610792,0.7268780919794394,0.694557287993632,0.3777267508610792,0.6335959636637203,0,1,0,1,0,1,1
59,952,3,-0.9680027898226938,0,0,-0.282359829681708,0.296728189505254,0.3193667992295367,0.1473617758255134,0.3777267508610792,0.3786693299824863,0,0,1,0,1,0,0
60,953,2,0.1827155860891787,0,0,-0.0410813231096434,0.296728189505254,0.3193667992295367,0.1473617758255134,0.3777267508610792,0.3786693299824863,0,0,1,0,1,0,0
61,954,3,-0.891288231428569,0,0,-0.2886369800793039,0.296728189505254,0.3193667992295367,0.1473617758255134,0.3777267508610792,0.3786693299824863,0,0,1,0,1,0,0
62,955,3,-0.5844299978520697,0,0,-0.2897133090226503,0.296728189505254,0.3193667992295367,0.694557287993632,0.3777267508610792,0.3786693299824863,0,0,0,0,0,1,1
63,956,1,-1.2748610233991933,2,2,10.673773307903268,1.0,0.7268780919794394,0.5592338691102279,1.0,0.6335959636637203,0,1,1,1,0,1,1
64,957,2,0.0201679979384609,0,0,0.2818173598942614,0.296728189505254,0.3193667992295367,0.7845064047815421,0.3777267508610792,0.7493998060520021,0,0,0,0,1,1,1
65,958,3,-0.891288231428569,0,0,-0.28307451210009,0.296728189505254,0.3193667992295367,0.694557287993632,1.0,0.3786693299824863,0,0,0,0,0,1,1
66,959,1,1.3334339620010514,0,0,1.2031549353987367,0.296728189505254,0.3193667992295367,0.1473617758255134,0.0,0.3786693299824863,0,1,1,0,1,0,0
67,960,1,0.1060010276950538,0,0,0.6063305363131859,0.3777267508610792,0.3193667992295367,0.1473617758255134,0.3777267508610792,0.3786693299824863,1,0,1,1,0,0,0
68,961,1,2.3307232211246744,1,4,10.700681531486929,0.296728189505254,0.3193667992295367,0.7845064047815421,0.4743165946282237,0.3786693299824863,0,1,0,0,1,1,1
69,962,3,-0.43100088106382,0,0,-0.2886369800793039,0.296728189505254,0.3193667992295367,0.694557287993632,0.3777267508610792,0.3786693299824863,0,0,0,0,0,1,1
70,963,3,-0.6611445562461945,0,0,-0.282359829681708,0.296728189505254,0.3193667992295367,0.1473617758255134,0.3777267508610792,0.3786693299824863,0,0,1,0,1,0,0
71,964,3,-0.0474280890931958,0,0,-0.2811026774758794,0.296728189505254,0.3193667992295367,0.694557287993632,0.3777267508610792,0.3786693299824863,0,0,0,0,1,1,0
72,965,1,-0.0857853682902582,0,0,0.5711690223919473,0.3777267508610792,0.7570437755286451,0.1473617758255134,0.3777267508610792,0.6335959636637203,0,0,1,1,0,1,0
73,966,1,0.4128592612715532,0,0,8.483443908193445,0.3777267508610792,0.3193667992295367,0.694557287993632,0.3777267508610792,0.3786693299824863,0,1,0,1,0,1,1
74,967,1,0.2210728652862411,0,0,8.483443908193445,0.3777267508610792,0.3193667992295367,0.1473617758255134,0.3777267508610792,0.3786693299824863,0,1,1,1,0,1,0
75,968,3,0.0201679979384609,0,0,-0.2757210327591477,0.296728189505254,0.3193667992295367,0.1473617758255134,0.3777267508610792,0.3786693299824863,0,0,1,0,1,0,0
76,969,1,1.94715042915405,2,0,0.4841672012433751,1.0,0.3193667992295367,0.7845064047815421,0.3777267508610792,0.3786693299824863,0,0,0,0,1,1,1
77,970,2,0.029286469300929,0,0,-0.0626079019765704,0.296728189505254,0.3193667992295367,0.1473617758255134,0.3777267508610792,0.3786693299824863,0,0,1,0,1,0,0
78,971,3,-0.43100088106382,0,0,-0.2886369800793039,0.296728189505254,0.3193667992295367,0.694557287993632,0.3777267508610792,0.3786693299824863,0,0,0,0,0,1,1
79,972,3,-1.811862932158067,1,1,0.0340808796621187,0.296728189505254,0.3193667992295367,0.5592338691102279,0.0,0.3786693299824863,1,1,1,1,0,0,0
80,973,1,2.8677251298835484,1,0,8.925995927171277,0.3777267508610792,0.3193667992295367,0.1473617758255134,0.3777267508610792,0.6335959636637203,0,1,1,0,1,0,0
81,974,1,1.486863078789301,0,0,0.4970831485635313,0.296728189505254,0.3193667992295367,0.1473617758255134,0.3777267508610792,0.3786693299824863,0,0,1,0,1,0,0
82,975,3,0.0201679979384609,0,0,-0.282359829681708,0.296728189505254,0.3193667992295367,0.1473617758255134,0.3777267508610792,0.3786693299824863,0,0,1,0,1,0,0
83,976,2,0.0201679979384609,0,0,-0.1612728235552437,0.296728189505254,0.3193667992295367,0.1473617758255134,0.3777267508610792,0.3786693299824863,0,0,1,0,0,0,0
84,977,3,0.0201679979384609,1,0,0.0,0.296728189505254,0.3193667992295367,0.1473617758255134,0.3777267508610792,0.3786693299824863,1,0,1,1,0,0,0
85,978,3,-0.2008572058814454,0,0,-0.28307451210009,0.296728189505254,0.3193667992295367,0.694557287993632,0.3777267508610792,0.3786693299824863,0,0,0,0,0,1,1
86,979,3,-0.891288231428569,0,0,-0.2757210327591477,0.296728189505254,0.3193667992295367,0.694557287993632,0.3777267508610792,0.0,0,0,0,0,1,1,0
87,980,3,0.0201679979384609,0,0,-0.2886369800793039,0.296728189505254,0.3193667992295367,1.0,0.3777267508610792,0.3786693299824863,0,0,0,0,0,1,1
88,981,2,-2.1187211657345664,1,1,0.3679236753619694,0.296728189505254,0.3193667992295367,0.5592338691102279,1.0,0.3786693299824863,0,1,1,0,1,1,1
89,982,3,-0.5844299978520697,1,0,-0.0238600600161018,0.296728189505254,0.3193667992295367,0.7845064047815421,0.3777267508610792,0.3786693299824863,0,0,0,0,1,1,1
90,983,3,0.0201679979384609,0,0,-0.2875606511359576,0.296728189505254,0.3193667992295367,0.1473617758255134,0.3777267508610792,0.3786693299824863,0,0,1,0,1,0,0
91,984,1,-0.2008572058814454,1,2,1.616465249643735,0.0,0.7268780919794394,0.7845064047815421,0.0,0.0,0,1,0,0,1,1,1
92,985,3,0.0201679979384609,0,0,-0.2757210327591477,0.296728189505254,0.3193667992295367,0.1473617758255134,0.3777267508610792,0.3786693299824863,0,0,1,0,1,0,0
93,986,1,-0.3542863226696952,0,0,0.4970831485635313,0.296728189505254,0.3193667992295367,0.1473617758255134,0.3777267508610792,0.3786693299824863,0,0,1,1,0,0,0
94,987,3,-0.3542863226696952,0,0,-0.2866651454550934,0.296728189505254,0.3193667992295367,0.1473617758255134,0.3777267508610792,0.3786693299824863,0,0,1,0,1,0,0
95,988,1,3.558156155430672,1,0,2.7724425347977144,0.0,0.3193667992295367,0.7845064047815421,0.0,0.3786693299824863,0,1,0,0,1,0,1
96,989,3,-0.0474280890931958,0,0,-0.2811026774758794,0.296728189505254,0.3193667992295367,0.1473617758255134,0.3777267508610792,0.4135773537830043,0,0,1,0,1,0,0
97,990,3,-0.7378591146403194,0,0,-0.2841508410434363,0.296728189505254,0.3193667992295367,0.694557287993632,0.3777267508610792,0.3786693299824863,0,0,0,0,1,1,0
98,991,3,0.2594301444833035,0,0,-0.2757210327591477,0.296728189505254,0.3193667992295367,0.1473617758255134,0.3777267508610792,0.1171929876680605,1,0,1,0,1,0,0
99,992,1,1.026575728424552,1,0,1.7646413026163403,0.3777267508610792,0.3193667992295367,0.7845064047815421,0.3777267508610792,0.3786693299824863,0,0,0,1,0,1,1
100,993,2,-0.2008572058814454,1,0,0.4970831485635313,0.296728189505254,0.3193667992295367,0.1473617758255134,1.0,0.3786693299824863,0,1,1,0,1,0,0
101,994,3,0.0201679979384609,0,0,-0.2886369800793039,0.296728189505254,0.3193667992295367,0.1473617758255134,0.3777267508610792,0.3786693299824863,0,0,1,0,0,0,0
102,995,3,-0.2775717642755703,0,0,-0.2875606511359576,0.296728189505254,0.3193667992295367,0.1473617758255134,0.3777267508610792,0.3786693299824863,0,0,1,0,1,0,0
103,996,3,-1.0447173482168186,1,1,-0.255628124044758,0.296728189505254,0.3193667992295367,0.7845064047815421,1.0,0.3786693299824863,1,1,0,1,0,1,1
104,997,3,-0.1241426474873206,0,0,0.3474734254383887,0.296728189505254,0.3193667992295367,0.1473617758255134,0.3777267508610792,0.3962228624557199,1,1,1,0,1,0,0
105,998,3,-0.6611445562461945,0,0,-0.285588816511747,0.296728189505254,0.3193667992295367,0.1473617758255134,0.3777267508610792,0.3786693299824863,0,0,1,0,0,0,0
106,999,3,0.0201679979384609,0,0,-0.2886369800793039,0.296728189505254,0.3193667992295367,0.1473617758255134,0.0,0.3786693299824863,0,0,1,0,0,0,0
107,1002,2,0.8731466116363023,0,0,0.025470248115348,0.296728189505254,0.3193667992295367,0.1473617758255134,0.3777267508610792,0.3786693299824863,0,0,1,1,0,0,0
108,1003,3,0.0201679979384609,0,0,-0.2873798278734754,0.296728189505254,0.3193667992295367,0.694557287993632,0.3777267508610792,0.3786693299824863,0,0,0,0,0,1,1
109,1004,1,0.4895738196656781,0,0,0.7415906419656351,0.3777267508610792,0.4250495929995806,0.694557287993632,0.3777267508610792,0.6335959636637203,0,0,0,1,0,1,1
110,1005,3,-0.8529309522315066,0,0,-0.3087298887936936,0.296728189505254,0.3193667992295367,0.694557287993632,0.3777267508610792,0.3786693299824863,0,0,0,0,0,1,1
111,1006,1,2.560866896307049,1,0,8.925995927171277,0.3777267508610792,0.3193667992295367,0.7845064047815421,0.3777267508610792,0.6335959636637203,0,1,0,0,1,1,1
112,1007,3,-0.891288231428569,1,0,0.0,0.296728189505254,0.3193667992295367,0.1473617758255134,0.0,0.3786693299824863,1,1,1,1,0,0,0
113,1008,3,0.0201679979384609,0,0,-0.3451442496049873,0.296728189505254,0.3193667992295367,0.1473617758255134,1.0,0.3786693299824863,1,0,1,1,0,0,0
114,1009,3,-2.1954357241286915,1,1,0.0966887816386892,0.4815886316600946,0.4743165946282237,0.694557287993632,1.0,0.5974290683254926,1,1,0,0,1,1,1
115,1010,1,0.4895738196656781,0,0,2.617093825746649,0.4815886316600946,0.3193667992295367,0.1473617758255134,0.3777267508610792,0.3786693299824863,0,0,1,1,0,0,0
116,1011,2,-0.0474280890931958,1,0,0.4970831485635313,0.296728189505254,0.3193667992295367,0.7845064047815421,0.0,0.4575498184364253,0,1,0,0,1,1,1
117,1012,2,-1.3515755817933182,0,0,0.0557882817915279,0.296728189505254,0.3193667992295367,0.694557287993632,1.0,0.3422902744510558,0,1,0,0,1,1,1
118,1013,3,0.0201679979384609,1,0,-0.2886369800793039,0.296728189505254,0.3193667992295367,0.1473617758255134,0.0,0.3786693299824863,0,0,1,0,0,0,0
119,1014,1,0.4128592612715532,1,0,1.8640209066133957,1.0,0.3193667992295367,0.7845064047815421,0.3777267508610792,0.3786693299824863,0,1,0,1,0,1,1
120,1015,3,-0.1241426474873206,0,0,-0.3101635589462309,0.296728189505254,0.3193667992295367,0.1473617758255134,0.3777267508610792,0.3786693299824863,0,0,1,0,1,0,0
121,1016,3,0.0201679979384609,0,0,-0.2886369800793039,0.296728189505254,0.3193667992295367,0.1473617758255134,0.3777267508610792,0.3786693299824863,0,0,1,0,0,0,0
122,1017,3,-0.9680027898226938,0,1,0.0708568869983769,0.296728189505254,0.3193667992295367,0.694557287993632,0.0,0.3786693299824863,0,1,0,0,1,0,0
123,1018,3,-0.5844299978520697,0,0,-0.2866651454550934,0.296728189505254,0.3193667992295367,0.1473617758255134,0.3777267508610792,0.3786693299824863,0,0,1,0,1,0,0
124,1019,3,0.0201679979384609,2,0,0.3786869647954329,0.296728189505254,0.3193667992295367,0.694557287993632,1.0,0.3786693299824863,0,1,0,0,0,1,1
125,1020,2,0.9498611700304272,0,0,-0.0626079019765704,0.296728189505254,0.3193667992295367,0.1473617758255134,0.3777267508610792,0.3786693299824863,0,0,1,0,1,0,0
126,1021,3,-0.43100088106382,0,0,-0.2757210327591477,0.296728189505254,0.3193667992295367,0.1473617758255134,0.3777267508610792,0.3786693299824863,0,0,1,0,1,0,0
127,1022,3,0.1827155860891787,0,0,-0.2757210327591477,0.296728189505254,0.3193667992295367,0.1473617758255134,0.3777267508610792,0.3777267508610792,0,0,1,0,1,0,0
128,1023,1,1.7937213123658005,0,0,0.6047160428981664,0.3777267508610792,0.3193667992295367,0.4575498184364253,0.3777267508610792,0.3786693299824863,0,0,1,1,0,0,0
129,1024,3,0.0201679979384609,0,4,0.474122899544067,0.296728189505254,0.3193667992295367,0.7845064047815421,0.0,0.3786693299824863,1,1,0,0,1,0,0
130,1025,3,0.0201679979384609,1,0,-0.3451442496049873,0.296728189505254,0.3193667992295367,0.1473617758255134,1.0,0.3786693299824863,1,0,1,1,0,0,0
131,1026,3,1.026575728424552,0,0,-0.282359829681708,0.296728189505254,0.3193667992295367,0.1473617758255134,0.3777267508610792,0.3786693299824863,0,0,1,0,1,0,0
132,1027,3,-0.43100088106382,0,0,-0.2841508410434363,0.296728189505254,0.3193667992295367,0.1473617758255134,0.0,0.3786693299824863,0,0,1,0,1,0,0
133,1028,3,-0.2392144850785079,0,0,-0.3112398878895773,0.296728189505254,0.3193667992295367,0.1473617758255134,0.3777267508610792,0.3786693299824863,1,0,1,1,0,0,0
134,1029,2,-0.2775717642755703,0,0,-0.0626079019765704,0.296728189505254,0.3193667992295367,0.1473617758255134,0.3777267508610792,0.3786693299824863,0,0,1,0,1,0,0
135,1030,3,-0.5077154394579448,0,0,-0.2757210327591477,0.296728189505254,0.3193667992295367,0.694557287993632,0.3777267508610792,0.0774802837748113,0,0,0,0,1,1,0
136,1031,3,0.7964320532421775,1,6,1.3968941452010797,0.296728189505254,0.3193667992295367,0.1473617758255134,0.0,0.3422902744510558,1,1,1,0,1,0,0
137,1032,3,-1.5050046985815675,5,2,1.3968941452010797,0.296728189505254,0.3193667992295367,0.694557287993632,0.0,0.3422902744510558,1,1,0,0,1,0,0
138,1033,1,0.2594301444833035,0,0,5.902407102048899,0.296728189505254,0.3193667992295367,0.694557287993632,0.3777267508610792,0.3786693299824863,0,1,0,0,1,1,1
139,1034,1,2.407437779518799,1,3,10.673773307903268,1.0,0.7268780919794394,0.1473617758255134,1.0,0.6335959636637203,0,1,1,1,0,1,0
140,1035,2,-0.1241426474873206,0,0,0.4970831485635313,0.296728189505254,0.3193667992295367,0.1473617758255134,0.3777267508610792,0.3786693299824863,0,1,1,0,1,0,0
141,1037,3,0.1060010276950538,3,0,0.1526578866926994,0.296728189505254,0.3193667992295367,0.1473617758255134,0.0,0.3786693299824863,0,1,1,0,1,0,0
142,1038,1,0.0201679979384609,0,0,1.61054544045533,0.0,0.7237375661374565,0.1473617758255134,0.3777267508610792,0.3786693299824863,0,1,1,0,1,0,0
143,1039,3,-0.5844299978520697,0,0,-0.2757210327591477,0.296728189505254,0.3193667992295367,0.1473617758255134,0.3439711630122422,0.0,0,0,1,0,1,0,0
144,1040,1,0.0201679979384609,0,0,0.5207623853171511,0.296728189505254,0.3193667992295367,0.1473617758255134,0.3777267508610792,0.3786693299824863,0,0,1,0,1,0,0
145,1041,2,0.029286469300929,1,1,0.4970831485635313,0.296728189505254,0.3193667992295367,0.0,0.0,0.3786693299824863,0,1,1,0,1,0,0
146,1042,1,-0.5077154394579448,0,1,2.9579284542624777,1.0,0.3193667992295367,0.7845064047815421,0.3777267508610792,0.3786693299824863,0,1,0,1,0,1,1
147,1043,3,0.0201679979384609,0,0,-0.282359829681708,0.296728189505254,0.3193667992295367,0.1473617758255134,0.3777267508610792,0.3786693299824863,0,0,1,1,0,0,0
148,1045,3,0.4895738196656781,0,2,-0.097769415897809,0.296728189505254,0.3193667992295367,0.7845064047815421,0.0,0.3786693299824863,0,0,0,0,1,0,0
149,1046,3,-1.2748610233991933,4,2,0.7290320358546697,0.296728189505254,0.3193667992295367,0.5592338691102279,0.6881028471447279,0.3786693299824863,0,1,1,0,1,0,0
150,1047,3,-0.43100088106382,0,0,-0.2972476116260747,0.296728189505254,0.3193667992295367,0.1473617758255134,0.3777267508610792,0.0,1,0,1,0,1,0,0
151,1048,1,-0.0474280890931958,0,0,8.925995927171277,0.3777267508610792,0.3193667992295367,0.694557287993632,0.3777267508610792,0.6335959636637203,0,1,0,0,1,1,1
152,1049,3,-0.5077154394579448,0,0,-0.2841508410434363,0.296728189505254,0.3193667992295367,0.694557287993632,0.3777267508610792,0.3786693299824863,0,0,0,0,1,1,1
153,1050,1,0.9498611700304272,0,0,0.5207623853171511,0.4575498184364253,0.7570437755286451,0.1473617758255134,0.3777267508610792,0.3786693299824863,0,0,1,0,1,0,0
154,1051,3,-0.2775717642755703,0,2,-0.0292417047328336,0.296728189505254,0.3193667992295367,0.7845064047815421,0.3777267508610792,0.0774802837748113,0,0,0,0,1,1,1
155,1052,3,0.0201679979384609,0,0,-0.2893559678134593,0.296728189505254,0.3193667992295367,0.694557287993632,0.3777267508610792,0.3786693299824863,0,0,0,0,0,1,1
156,1053,3,-1.7351483737639424,1,1,0.0340808796621187,0.296728189505254,0.3193667992295367,0.5592338691102279,1.0,0.3786693299824863,1,1,1,1,0,1,1
157,1054,2,-0.2775717642755703,0,0,-0.0410813231096434,0.296728189505254,0.3193667992295367,0.694557287993632,0.0,0.3786693299824863,0,0,0,0,1,1,1
158,1055,3,0.0201679979384609,0,0,-0.3209268483796944,0.296728189505254,0.3193667992295367,0.1473617758255134,0.3777267508610792,0.3786693299824863,0,0,1,0,1,0,0
159,1056,2,0.8731466116363023,0,0,-0.0626079019765704,0.296728189505254,0.3193667992295367,0.0,0.3777267508610792,0.3786693299824863,0,0,1,0,1,0,0
160,1057,3,-0.2775717642755703,1,1,0.3259468465714617,0.296728189505254,0.3193667992295367,0.7845064047815421,1.0,0.3786693299824863,0,1,0,0,1,1,1
161,1058,1,1.4101485203951762,0,0,1.551704689780472,0.0,0.7268780919794394,0.1473617758255134,0.3777267508610792,0.6335959636637203,0,0,1,1,0,0,0
162,1059,3,-0.891288231428569,2,2,0.8576533445845586,0.296728189505254,0.3193667992295367,0.1473617758255134,0.0,0.1102419521128781,1,1,1,0,1,0,0
163,1060,1,0.0201679979384609,0,0,0.5711690223919473,0.296728189505254,0.3193667992295367,0.7845064047815421,0.3777267508610792,0.3786693299824863,0,0,0,1,0,1,1
164,1061,3,-0.5844299978520697,0,0,-0.2364350263270059,0.296728189505254,0.3193667992295367,0.694557287993632,0.3777267508610792,0.3786693299824863,1,0,0,0,1,1,1
165,1062,3,0.0201679979384609,0,0,-0.2972476116260747,0.296728189505254,0.3193667992295367,0.1473617758255134,0.3777267508610792,0.0,1,0,1,0,1,0,0
166,1063,3,-0.2008572058814454,0,0,-0.3112398878895773,0.296728189505254,0.3193667992295367,0.1473617758255134,0.3777267508610792,0.3786693299824863,1,0,1,1,0,0,0
167,1064,3,-0.5077154394579448,1,0,-0.0238600600161018,0.296728189505254,0.3193667992295367,0.1473617758255134,0.3777267508610792,0.3786693299824863,0,1,1,0,1,0,0
168,1065,3,0.0201679979384609,0,0,-0.3110590646270951,0.296728189505254,0.3193667992295367,0.1473617758255134,0.3777267508610792,0.3786693299824863,1,0,1,1,0,0,0
169,1066,3,0.7964320532421775,1,5,0.7290320358546697,0.296728189505254,0.3193667992295367,0.1473617758255134,0.6881028471447279,0.3786693299824863,0,1,1,0,1,0,0
170,1067,2,-1.1214319066109435,0,2,1.0567741991036332,0.296728189505254,0.3193667992295367,0.694557287993632,0.6881028471447279,0.3786693299824863,0,1,0,0,1,1,1
171,1068,2,-0.7378591146403194,0,0,0.9599045942024618,0.296728189505254,0.3193667992295367,0.694557287993632,0.3777267508610792,0.3422902744510558,0,1,0,0,1,1,1
172,1069,1,1.870435870759925,1,0,1.7646413026163403,0.3777267508610792,0.3193667992295367,0.1473617758255134,0.3777267508610792,0.3786693299824863,0,1,1,1,0,0,0
173,1070,2,0.4895738196656781,0,3,1.0567741991036332,1.0,0.8476655400360356,0.7845064047815421,1.0,0.3786693299824863,0,1,0,0,1,1,1
174,1071,1,2.637581454701174,0,2,2.9579284542624777,1.0,0.7237375661374565,0.7845064047815421,1.0,0.6335959636637203,0,1,0,1,0,1,1
175,1072,2,0.029286469300929,0,0,-0.0626079019765704,0.296728189505254,0.3193667992295367,0.1473617758255134,0.3777267508610792,0.3786693299824863,0,0,1,0,1,0,0
176,1073,1,0.5662883780598029,1,1,2.9579284542624777,1.0,0.7237375661374565,0.1473617758255134,1.0,0.6335959636637203,0,1,1,1,0,1,1
177,1074,1,-0.891288231428569,1,0,1.6638237231509745,0.0,0.7570437755286451,0.7845064047815421,0.0,0.3786693299824863,0,1,0,0,1,1,1
178,1075,3,0.0201679979384609,0,0,-0.2886369800793039,0.296728189505254,0.3193667992295367,0.1473617758255134,0.3777267508610792,0.3786693299824863,1,0,1,0,0,0,0
179,1076,1,-0.2008572058814454,1,1,10.034253092293056,0.4575498184364253,0.7268780919794394,0.7845064047815421,0.0,0.6335959636637203,0,1,0,1,0,1,1
180,1077,2,0.7964320532421775,0,0,0.0665515712249914,0.296728189505254,0.3193667992295367,0.1473617758255134,0.3777267508610792,0.3786693299824863,0,0,1,0,1,0,0
181,1078,2,-0.6611445562461945,0,1,0.2818173598942614,0.296728189505254,0.3193667992295367,0.694557287993632,1.0,0.0,0,0,0,0,1,1,1
182,1079,3,-0.9680027898226938,2,0,-0.2757210327591477,0.296728189505254,0.3193667992295367,0.1473617758255134,0.3439711630122422,0.0,0,0,1,0,1,0,0
183,1080,3,0.0201679979384609,8,2,2.3720481678728724,0.296728189505254,0.3193667992295367,0.694557287993632,0.0,0.3422902744510558,1,1,0,0,1,0,0
184,1081,2,0.7964320532421775,0,0,-0.0626079019765704,0.296728189505254,0.3193667992295367,0.1473617758255134,0.3777267508610792,0.3786693299824863,0,0,1,0,1,0,0
185,1082,2,0.3361447028774284,1,0,0.4970831485635313,0.296728189505254,0.3193667992295367,0.1473617758255134,1.0,0.3786693299824863,0,1,1,0,1,0,0
186,1083,1,0.0201679979384609,0,0,0.4970831485635313,0.296728189505254,0.3193667992295367,0.1473617758255134,0.3777267508610792,0.3786693299824863,0,0,1,0,1,0,0
187,1084,3,-1.3899328609903805,1,1,0.0019718346242105,0.296728189505254,0.3193667992295367,0.5592338691102279,0.0,0.1171929876680605,1,1,1,0,1,0,0
188,1085,2,2.407437779518799,0,0,-0.0905924545035755,0.296728189505254,0.3193667992295367,0.1473617758255134,0.3777267508610792,0.3786693299824863,0,0,1,0,0,0,0
189,1086,2,-1.6584338153698177,0,2,0.7769286738335823,0.296728189505254,0.3193667992295367,0.5592338691102279,1.0,0.3786693299824863,0,1,1,0,1,1,1
190,1087,3,0.2594301444833035,0,0,-0.2841508410434363,0.296728189505254,0.3193667992295367,0.1473617758255134,0.0,0.3786693299824863,0,0,1,0,1,0,0
191,1088,1,-1.811862932158067,0,2,5.168350762686689,1.0,0.7237375661374565,0.5592338691102279,1.0,0.3786693299824863,0,1,1,1,0,1,1
192,1089,3,-0.891288231428569,0,0,-0.2875606511359576,0.296728189505254,0.3193667992295367,0.694557287993632,1.0,0.3786693299824863,0,0,0,0,1,1,1
193,1090,2,-0.5077154394579448,0,0,-0.1702407963112054,0.296728189505254,0.3193667992295367,0.1473617758255134,0.3777267508610792,0.3422902744510558,0,0,1,0,1,0,0
194,1091,3,0.0201679979384609,0,0,-0.2730302104007818,0.296728189505254,0.3193667992295367,0.7845064047815421,0.3777267508610792,0.3786693299824863,0,0,0,0,1,1,1
195,1092,3,0.0201679979384609,0,0,0.0450249923580644,0.296728189505254,0.3193667992295367,0.694557287993632,1.0,0.3786693299824863,0,1,0,0,0,1,1
196,1093,3,-2.246834478252755,0,2,-0.0023334811491748,0.296728189505254,0.3193667992295367,0.5592338691102279,0.0,0.3786693299824863,0,1,1,0,1,0,0
197,1094,1,1.3334339620010514,1,0,9.173370760878456,1.0,0.3193667992295367,0.4575498184364253,1.0,0.6335959636637203,0,1,1,1,0,1,1
198,1095,2,-1.6584338153698177,1,1,0.4970831485635313,0.296728189505254,0.3193667992295367,0.694557287993632,1.0,0.3786693299824863,0,1,0,0,1,1,1
199,1096,2,-0.3542863226696952,0,0,-0.1702407963112054,0.296728189505254,0.3193667992295367,0.1473617758255134,0.0,0.3422902744510558,0,0,1,0,1,0,0
200,1097,1,0.0201679979384609,0,0,0.4859625179208769,0.296728189505254,0.3193667992295367,0.1473617758255134,0.3777267508610792,0.0,0,0,1,1,0,0,0
201,1098,3,0.4128592612715532,0,0,-0.2886369800793039,0.296728189505254,0.3193667992295367,0.694557287993632,1.0,0.3786693299824863,1,0,0,0,0,1,1
202,1099,2,-0.43100088106382,0,0,-0.1702407963112054,0.296728189505254,0.3193667992295367,0.1473617758255134,0.3777267508610792,0.3786693299824863,0,0,1,0,1,0,0
203,1100,1,0.2594301444833035,0,0,0.5711690223919473,1.0,0.4250495929995806,0.694557287993632,0.3777267508610792,0.6335959636637203,0,0,0,1,0,1,1
204,1101,3,-0.3542863226696952,0,0,-0.282359829681708,0.296728189505254,0.3193667992295367,0.1473617758255134,0.3777267508610792,0.3786693299824863,0,0,1,0,1,0,0
205,1102,3,0.1827155860891787,0,0,0.3474734254383887,0.296728189505254,0.3193667992295367,0.1473617758255134,0.3777267508610792,0.3962228624557199,1,1,1,0,1,0,0
206,1103,3,0.0201679979384609,0,0,-0.3187741904930017,0.296728189505254,0.3193667992295367,0.1473617758255134,0.3777267508610792,0.0774802837748113,0,0,1,0,1,0,0
207,1104,2,-0.9680027898226938,0,0,2.542108140921596,0.296728189505254,0.3193667992295367,0.1473617758255134,0.3777267508610792,0.0,0,1,1,0,1,0,0
208,1105,2,2.3307232211246744,1,0,0.4970831485635313,0.296728189505254,0.3193667992295367,0.7845064047815421,0.3777267508610792,0.3786693299824863,0,1,0,0,1,0,1
209,1106,3,0.6430029364539278,4,2,-0.2875606511359576,0.296728189505254,0.3193667992295367,0.694557287993632,0.1388920588734606,0.3786693299824863,0,0,0,0,1,0,0
210,1107,1,0.9498611700304272,0,0,1.2074602511721222,1.0,0.7268780919794394,0.1473617758255134,0.3777267508610792,0.3786693299824863,0,0,1,0,1,0,0
211,1108,3,0.0201679979384609,0,0,-0.28307451210009,0.296728189505254,0.3193667992295367,0.694557287993632,0.3777267508610792,0.3786693299824863,0,0,0,0,0,1,1
212,1109,1,2.1005795459423,1,1,6.475733087643314,0.296728189505254,0.3193667992295367,0.1473617758255134,1.0,0.3786693299824863,0,1,1,0,1,0,0
213,1110,1,1.5635776371834258,1,1,8.483443908193445,1.0,0.3193667992295367,0.7845064047815421,0.0,0.3786693299824863,0,1,0,1,0,1,1
214,1111,3,0.0201679979384609,0,0,-0.2757210327591477,0.296728189505254,0.3193667992295367,0.1473617758255134,0.3777267508610792,0.3786693299824863,0,0,1,0,1,0,0
215,1112,2,0.029286469300929,1,0,-0.0256553766936036,0.296728189505254,0.3193667992295367,0.694557287993632,1.0,0.4219840429257837,1,0,0,1,0,1,1
216,1113,3,-0.6611445562461945,0,0,-0.2757210327591477,0.296728189505254,0.3193667992295367,0.1473617758255134,0.3777267508610792,0.3786693299824863,0,0,1,0,1,0,0
217,1114,2,-0.5844299978520697,0,0,-0.1702407963112054,1.0,0.8476655400360356,0.7845064047815421,0.0,0.1102419521128781,0,0,0,0,1,1,1
218,1115,3,-0.6611445562461945,0,0,-0.2866651454550934,0.296728189505254,0.3193667992295367,0.1473617758255134,0.0,0.3786693299824863,0,0,1,0,1,0,0
219,1116,1,1.7937213123658005,0,0,0.5593294040151374,0.296728189505254,0.3193667992295367,0.7845064047815421,0.3777267508610792,0.6335959636637203,0,0,0,1,0,1,1
220,1117,3,0.0201679979384609,0,2,0.0340808796621187,0.296728189505254,0.3193667992295367,0.7845064047815421,1.0,0.3786693299824863,1,1,0,1,0,1,1
221,1118,3,-0.5077154394579448,0,0,-0.2866651454550934,0.296728189505254,0.3193667992295367,0.1473617758255134,0.6881028471447279,0.3786693299824863,0,0,1,0,1,0,0
222,1119,3,0.0201679979384609,0,0,-0.2886369800793039,0.296728189505254,0.3193667992295367,0.694557287993632,0.3777267508610792,0.3786693299824863,0,0,0,0,0,1,1
223,1120,3,0.8347893324392398,0,0,0.0278037292645228,0.296728189505254,0.3193667992295367,0.1473617758255134,0.3777267508610792,0.3422902744510558,1,1,1,0,1,0,0
224,1121,2,0.4895738196656781,0,0,-0.0626079019765704,0.296728189505254,0.3193667992295367,0.1473617758255134,0.4575498184364253,0.3786693299824863,0,0,1,0,1,0,0
225,1122,2,-1.1981464650050684,0,0,2.176156300183837,0.296728189505254,0.3193667992295367,0.1473617758255134,0.3777267508610792,0.3786693299824863,0,1,1,0,1,0,0
226,1123,1,-0.6611445562461945,0,0,0.5207623853171511,0.296728189505254,0.3193667992295367,0.694557287993632,0.3777267508610792,0.3786693299824863,0,0,0,0,1,1,1
227,1124,3,-0.6611445562461945,1,0,-0.3426342505091036,0.296728189505254,0.3193667992295367,0.1473617758255134,0.0,0.3786693299824863,0,0,1,0,1,0,0
228,1125,3,0.0201679979384609,0,0,-0.28307451210009,0.296728189505254,0.3193667992295367,0.1473617758255134,0.3777267508610792,0.3786693299824863,0,0,1,0,0,0,0
229,1126,1,0.7197174948480526,1,0,2.4466722061729618,1.0,0.3193667992295367,0.1473617758255134,1.0,0.6335959636637203,0,1,1,1,0,1,0
230,1127,3,-0.7378591146403194,0,0,-0.2841508410434363,0.296728189505254,0.3193667992295367,0.1473617758255134,0.3777267508610792,0.3786693299824863,0,0,1,0,1,0,0
231,1128,1,2.637581454701174,1,0,2.61745116695584,0.4575498184364253,0.7570437755286451,0.1473617758255134,1.0,0.3786693299824863,0,1,1,1,0,0,0
232,1129,3,-0.7378591146403194,0,0,-0.3112398878895773,0.296728189505254,0.3193667992295367,0.1473617758255134,0.3777267508610792,0.3786693299824863,1,0,1,1,0,0,0
233,1130,2,-0.891288231428569,1,1,-0.0626079019765704,0.296728189505254,0.3193667992295367,0.694557287993632,0.3777267508610792,0.3786693299824863,0,0,0,0,1,1,1
234,1131,1,1.4101485203951762,1,0,3.9596333593087385,0.0,0.3193667992295367,0.7845064047815421,0.0,0.6335959636637203,0,1,0,1,0,1,1
235,1132,1,1.94715042915405,0,0,0.5711690223919473,0.296728189505254,0.3193667992295367,0.7845064047815421,0.3777267508610792,0.3786693299824863,0,0,0,1,0,1,1
236,1133,2,1.1800048452128016,0,2,0.6692957794989474,0.296728189505254,0.3193667992295367,0.7845064047815421,1.0,0.3786693299824863,0,1,0,0,1,1,1
237,1134,1,1.1800048452128016,1,1,5.168350762686689,1.0,0.7237375661374565,0.1473617758255134,1.0,0.3786693299824863,0,1,1,1,0,1,1
238,1135,3,0.0201679979384609,0,0,-0.282717170890899,0.296728189505254,0.3193667992295367,0.1473617758255134,0.3777267508610792,0.3786693299824863,1,0,1,0,1,0,0
239,1136,3,0.0201679979384609,1,2,0.3872975963422037,0.296728189505254,0.3193667992295367,0.5592338691102279,0.0,0.1102419521128781,1,1,1,0,1,0,0
240,1137,1,0.8731466116363023,1,0,1.61054544045533,1.0,0.7570437755286451,0.1473617758255134,1.0,0.3786693299824863,0,1,1,0,1,1,1
241,1138,2,-0.5844299978520697,0,0,0.2818173598942614,0.296728189505254,0.3193667992295367,0.7845064047815421,0.3777267508610792,0.7493998060520021,0,1,0,0,1,1,1
242,1139,2,0.9498611700304272,1,1,0.7769286738335823,0.296728189505254,0.3193667992295367,0.1473617758255134,1.0,0.3786693299824863,0,1,1,0,1,0,0
243,1140,2,-0.0474280890931958,1,0,0.4970831485635313,0.296728189505254,0.3193667992295367,0.7845064047815421,0.0,0.3786693299824863,0,1,0,0,1,1,1
244,1141,3,0.0201679979384609,1,0,0.0,0.296728189505254,0.3193667992295367,0.7845064047815421,0.3777267508610792,0.3786693299824863,1,1,0,1,0,1,1
245,1142,2,-2.201572888800221,1,2,0.5724261745977759,0.296728189505254,0.3193667992295367,0.694557287993632,0.5974290683254926,0.3422902744510558,0,1,0,0,1,1,1
246,1143,3,-0.7378591146403194,0,0,-0.2811026774758794,0.296728189505254,0.3193667992295367,0.1473617758255134,0.3777267508610792,0.0,0,0,1,0,1,0,0
247,1144,1,-0.2008572058814454,1,0,5.266477519793689,0.3777267508610792,0.3193667992295367,0.1473617758255134,0.3777267508610792,0.3786693299824863,0,0,1,1,0,0,0
248,1145,3,-0.43100088106382,0,0,-0.2208282566484839,0.296728189505254,0.3193667992295367,0.1473617758255134,0.3777267508610792,0.3786693299824863,1,0,1,0,1,0,0
249,1146,3,0.2210728652862411,0,0,-0.2132939540450594,0.296728189505254,0.3193667992295367,0.1473617758255134,0.3777267508610792,0.3786693299824863,0,0,1,0,1,0,0
250,1147,3,0.0201679979384609,0,0,-0.2972476116260747,0.296728189505254,0.3193667992295367,0.1473617758255134,0.3777267508610792,0.3422902744510558,0,0,1,0,1,0,0
251,1148,3,0.0201679979384609,0,0,-0.2886369800793039,0.296728189505254,0.3193667992295367,0.1473617758255134,0.3777267508610792,0.3777267508610792,1,0,1,0,0,0,0
252,1149,3,-0.1241426474873206,0,0,-0.2757210327591477,0.296728189505254,0.3193667992295367,0.1473617758255134,0.3777267508610792,0.3786693299824863,0,0,1,0,1,0,0
253,1150,2,-0.8145736730344442,0,0,-0.0626079019765704,0.296728189505254,0.3193667992295367,0.694557287993632,0.3777267508610792,0.3786693299824863,0,0,0,0,1,1,1
254,1151,3,-0.6611445562461945,0,0,-0.2875606511359576,0.296728189505254,0.3193667992295367,0.1473617758255134,0.3777267508610792,0.3786693299824863,0,0,1,0,1,0,0
255,1152,3,0.5279310988627405,1,0,0.126825992052387,0.296728189505254,0.3193667992295367,0.1473617758255134,1.0,0.3786693299824863,0,1,1,0,1,0,0
256,1153,3,-0.6611445562461945,0,0,-0.2841508410434363,0.296728189505254,0.3193667992295367,0.1473617758255134,1.0,0.3786693299824863,0,0,1,0,1,0,0
257,1154,2,-0.0474280890931958,0,2,0.3679236753619694,0.296728189505254,0.3193667992295367,0.7845064047815421,1.0,0.3786693299824863,0,1,0,0,1,1,1
258,1155,3,-2.1954357241286915,1,1,-0.097769415897809,0.296728189505254,0.3193667992295367,0.694557287993632,0.0,0.3786693299824863,0,1,0,0,1,1,0
259,1156,2,0.029286469300929,0,0,-0.0739093558817071,0.296728189505254,0.3193667992295367,0.1473617758255134,0.3777267508610792,0.3422902744510558,0,0,1,1,0,0,0
260,1157,3,0.0201679979384609,0,0,-0.282359829681708,0.296728189505254,0.3193667992295367,0.1473617758255134,0.3777267508610792,0.3786693299824863,0,0,1,0,1,0,0
261,1158,1,0.0201679979384609,0,0,-0.6222989525166723,0.296728189505254,0.3193667992295367,0.1473617758255134,0.3777267508610792,0.3786693299824863,0,0,1,0,1,0,0
262,1159,3,0.0201679979384609,0,0,-0.2972476116260747,0.296728189505254,0.3193667992295367,0.1473617758255134,1.0,0.3422902744510558,0,0,1,0,1,0,0
263,1160,3,0.0201679979384609,0,0,-0.2757210327591477,0.296728189505254,0.3193667992295367,0.694557287993632,0.3777267508610792,0.3777267508610792,0,0,0,0,1,1,0
264,1161,3,-0.9680027898226938,0,0,-0.2493509736471621,0.296728189505254,0.3193667992295367,0.1473617758255134,0.3777267508610792,0.3786693299824863,0,0,1,0,1,0,0
265,1162,1,1.2567194036069265,0,0,2.617093825746649,0.4815886316600946,0.3193667992295367,0.1473617758255134,0.3777267508610792,0.3786693299824863,0,1,1,1,0,0,0
266,1163,3,0.0201679979384609,0,0,-0.2886369800793039,0.296728189505254,0.3193667992295367,0.1473617758255134,0.0,0.3786693299824863,0,0,1,0,0,0,0
267,1164,1,-0.2775717642755703,1,0,5.266477519793689,0.3777267508610792,0.3193667992295367,0.7845064047815421,0.3777267508610792,0.3786693299824863,0,1,0,1,0,1,1
268,1165,3,0.0201679979384609,1,0,0.0450249923580644,0.296728189505254,0.3193667992295367,0.694557287993632,0.0,0.3786693299824863,0,1,0,0,0,0,1
269,1166,3,0.0201679979384609,0,0,-0.3112398878895773,0.296728189505254,0.3193667992295367,0.1473617758255134,0.3777267508610792,0.3786693299824863,1,0,1,1,0,0,0
270,1167,2,-0.7378591146403194,1,0,0.4970831485635313,0.296728189505254,0.3193667992295367,0.694557287993632,0.0,0.3786693299824863,0,1,0,0,1,1,1
271,1168,2,-0.1241426474873206,0,0,-0.1702407963112054,0.296728189505254,0.3193667992295367,0.1473617758255134,0.3777267508610792,1.0,0,0,1,0,1,0,0
272,1169,2,0.7964320532421775,1,0,0.4970831485635313,0.296728189505254,0.3193667992295367,0.1473617758255134,1.0,0.3786693299824863,1,1,1,0,1,0,0
273,1170,2,0.029286469300929,1,0,0.2818173598942614,0.296728189505254,0.3193667992295367,0.1473617758255134,0.3777267508610792,0.3422902744510558,0,0,1,0,1,0,0
274,1171,2,-0.5844299978520697,0,0,-0.1702407963112054,0.296728189505254,0.3193667992295367,0.1473617758255134,0.3777267508610792,0.1102419521128781,0,0,1,0,1,0,0
275,1172,3,-0.5077154394579448,0,0,-0.2493509736471621,0.296728189505254,0.3193667992295367,0.694557287993632,0.0,0.3786693299824863,0,0,0,0,1,1,0
276,1173,3,-2.214614363727222,1,1,-0.0292417047328336,0.296728189505254,0.3193667992295367,0.5592338691102279,0.3777267508610792,0.0774802837748113,0,1,1,0,1,0,1
277,1174,3,0.0201679979384609,0,0,-0.2886369800793039,0.296728189505254,0.3193667992295367,0.694557287993632,1.0,0.3786693299824863,0,0,0,0,0,1,1
278,1175,3,-1.5817192569756926,1,1,0.0340808796621187,0.296728189505254,0.3193667992295367,0.694557287993632,1.0,0.3786693299824863,1,1,0,1,0,1,1
279,1176,3,-2.1187211657345664,1,1,0.2479129981788513,0.296728189505254,0.3193667992295367,0.694557287993632,0.0,0.3786693299824863,0,1,0,0,1,1,0
280,1177,3,0.4895738196656781,0,0,-0.3101635589462309,0.296728189505254,0.3193667992295367,0.1473617758255134,0.0,0.1171929876680605,0,0,1,0,1,0,0
281,1179,1,-0.43100088106382,1,0,2.919542258826973,1.0,0.7268780919794394,0.1473617758255134,0.3777267508610792,0.3786693299824863,0,1,1,0,1,0,1
282,1180,3,0.0201679979384609,0,0,-0.3110590646270951,0.0,1.0,0.1473617758255134,0.3777267508610792,0.3786693299824863,1,0,1,1,0,0,0
283,1181,3,0.0201679979384609,0,0,-0.2757210327591477,0.296728189505254,0.3193667992295367,0.1473617758255134,0.0,0.1171929876680605,1,0,1,0,1,0,0
284,1182,1,0.0201679979384609,0,0,1.0826060937439457,0.296728189505254,0.3193667992295367,0.1473617758255134,0.3777267508610792,0.6335959636637203,0,0,1,0,1,0,0
285,1183,3,0.029286469300929,0,0,-0.3230795062663871,0.296728189505254,0.3193667992295367,0.694557287993632,1.0,0.3786693299824863,0,0,0,0,0,1,1
286,1184,3,0.0201679979384609,0,0,-0.3110590646270951,0.296728189505254,0.3193667992295367,0.1473617758255134,0.3777267508610792,0.3786693299824863,1,0,1,1,0,0,0
287,1185,1,1.7937213123658005,1,1,2.901959349208468,1.0,0.4250495929995806,0.4219840429257837,1.0,0.3786693299824863,0,1,1,0,1,1,0
288,1186,3,0.4895738196656781,0,0,-0.2132939540450594,0.296728189505254,0.3193667992295367,0.1473617758255134,0.3777267508610792,0.3786693299824863,0,0,1,0,1,0,0
289,1187,3,-0.2775717642755703,0,0,-0.282359829681708,0.296728189505254,0.3193667992295367,0.1473617758255134,0.3777267508610792,0.3786693299824863,0,0,1,0,1,0,0
290,1188,2,-2.1954357241286915,1,2,1.1678169035307897,0.296728189505254,0.3193667992295367,0.694557287993632,0.5974290683254926,0.5974290683254926,1,1,0,1,0,1,1
291,1189,3,0.0201679979384609,2,0,0.3110590646270951,0.296728189505254,0.3193667992295367,0.1473617758255134,0.0,0.3786693299824863,1,1,1,1,0,0,0
292,1190,1,0.029286469300929,0,0,1.336619724373684,0.296728189505254,0.3193667992295367,0.1473617758255134,0.3777267508610792,0.3786693299824863,0,0,1,0,1,0,0
293,1191,3,-0.0474280890931958,0,0,-0.2841508410434363,0.296728189505254,0.3193667992295367,0.1473617758255134,0.0,0.3786693299824863,0,0,1,0,1,0,0
294,1192,3,0.1827155860891787,0,0,-0.2875606511359576,0.296728189505254,0.3193667992295367,0.1473617758255134,0.0,0.3786693299824863,0,0,1,0,1,0,0
295,1194,2,1.026575728424552,0,1,0.2818173598942614,0.296728189505254,0.3193667992295367,0.1473617758255134,1.0,0.0,0,1,1,0,1,0,0
296,1195,3,-0.43100088106382,0,0,-0.2493509736471621,0.296728189505254,0.3193667992295367,0.1473617758255134,0.3777267508610792,0.3786693299824863,0,0,1,0,1,0,0
297,1196,3,0.0201679979384609,0,0,-0.2886369800793039,0.296728189505254,0.3193667992295367,0.694557287993632,0.0,0.3786693299824863,0,0,0,0,0,1,1
298,1197,1,2.637581454701174,1,1,0.5207623853171511,0.3439711630122422,0.7268780919794394,0.7845064047815421,0.4575498184364253,0.3786693299824863,0,0,0,0,1,1,1
299,1198,1,0.029286469300929,1,2,5.902407102048899,0.3439711630122422,0.3193667992295367,0.1473617758255134,0.3439711630122422,0.3786693299824863,0,1,1,0,1,0,0
300,1199,3,-2.2084771990556926,0,1,-0.2197519277051375,0.296728189505254,0.3193667992295367,0.5592338691102279,1.0,0.3786693299824863,0,1,1,0,1,1,1
301,1200,1,1.94715042915405,1,1,3.403171295598676,1.0,0.7268780919794394,0.1473617758255134,1.0,0.3786693299824863,0,1,1,0,1,0,0
302,1201,3,1.1800048452128016,1,0,-0.0148920872601401,0.296728189505254,0.3193667992295367,0.7845064047815421,0.0,0.3786693299824863,0,1,0,0,1,0,0
303,1202,3,-0.891288231428569,0,0,-0.2493509736471621,0.296728189505254,0.3193667992295367,0.1473617758255134,0.0,0.3786693299824863,0,0,1,0,1,0,0
304,1203,3,-0.5844299978520697,0,0,-0.3112398878895773,0.296728189505254,0.3193667992295367,0.1473617758255134,0.3777267508610792,0.3786693299824863,1,0,1,1,0,0,0
305,1204,3,0.0201679979384609,0,0,-0.2961712826827283,0.296728189505254,0.3193667992295367,0.1473617758255134,0.3777267508610792,0.3777267508610792,1,0,1,0,1,0,0
306,1205,3,0.5662883780598029,0,0,-0.2886369800793039,0.296728189505254,0.3193667992295367,0.694557287993632,1.0,0.3786693299824863,0,0,0,0,0,1,1
307,1206,1,1.94715042915405,0,0,5.217142906346465,0.4575498184364253,0.3193667992295367,0.7845064047815421,0.0,0.6335959636637203,0,1,0,1,0,1,1
308,1207,3,-0.9680027898226938,0,0,-0.2893559678134593,0.296728189505254,0.3193667992295367,0.694557287993632,0.3777267508610792,0.3777267508610792,0,0,0,0,0,1,1
309,1208,1,2.1005795459423,1,0,5.685884161173801,0.5974290683254926,0.7268780919794394,0.1473617758255134,1.0,0.6335959636637203,0,1,1,1,0,1,0
310,1209,2,-0.8145736730344442,0,0,-0.1702407963112054,0.296728189505254,0.3193667992295367,0.1473617758255134,0.0,0.3786693299824863,0,0,1,0,1,0,0
311,1210,3,-0.2008572058814454,0,0,-0.2841508410434363,0.296728189505254,0.3193667992295367,0.1473617758255134,1.0,0.3786693299824863,0,0,1,0,1,0,0
312,1211,2,-0.5844299978520697,2,0,0.7338755160997283,0.296728189505254,0.3193667992295367,0.1473617758255134,0.3777267508610792,0.3422902744510558,0,1,1,0,1,0,0
313,1212,3,-0.2775717642755703,0,0,-0.2875606511359576,0.296728189505254,0.3193667992295367,0.1473617758255134,0.1388920588734606,0.3786693299824863,0,0,1,0,1,0,0
314,1213,3,-0.3542863226696952,0,0,-0.3110590646270951,0.3777267508610792,1.0,0.1473617758255134,0.3777267508610792,0.3786693299824863,1,0,1,1,0,0,0
315,1214,2,-0.2775717642755703,0,0,-0.0626079019765704,0.6881028471447279,0.8476655400360356,0.1473617758255134,0.3777267508610792,0.3786693299824863,0,0,1,0,1,0,1
316,1215,1,0.2594301444833035,0,0,0.5207623853171511,0.296728189505254,0.3193667992295367,0.1473617758255134,0.3777267508610792,0.3786693299824863,0,0,1,0,1,0,0
317,1216,1,0.7197174948480526,0,0,8.476447770061696,0.296728189505254,0.3193667992295367,0.694557287993632,0.3777267508610792,0.3786693299824863,0,1,0,0,1,1,1
318,1217,3,-0.5077154394579448,0,0,-0.3187741904930017,0.296728189505254,0.3193667992295367,0.1473617758255134,0.3777267508610792,0.0774802837748113,0,0,1,0,1,0,0
319,1218,2,-1.3515755817933182,2,1,1.0567741991036332,1.0,0.8476655400360356,0.694557287993632,1.0,0.3786693299824863,0,1,0,0,1,1,1
320,1220,2,-0.0474280890931958,1,0,0.4970831485635313,0.296728189505254,0.3193667992295367,0.1473617758255134,1.0,0.3786693299824863,1,1,1,0,1,0,0
321,1221,2,-0.6611445562461945,0,0,-0.0626079019765704,0.296728189505254,0.3193667992295367,0.1473617758255134,0.3777267508610792,0.3786693299824863,0,0,1,0,1,0,0
322,1222,2,1.4101485203951762,0,2,0.9599045942024618,0.296728189505254,0.3193667992295367,0.7845064047815421,0.3439711630122422,0.3422902744510558,0,1,0,0,1,1,1
323,1223,1,0.7197174948480526,0,0,0.6563798321787911,1.0,0.4250495929995806,0.1473617758255134,0.3777267508610792,0.6335959636637203,0,0,1,1,0,0,0
324,1224,3,0.0201679979384609,0,0,-0.3112398878895773,0.296728189505254,0.3193667992295367,0.1473617758255134,1.0,0.3786693299824863,1,0,1,1,0,0,0
325,1225,3,-0.8145736730344442,1,1,0.0554309405823369,0.296728189505254,0.3193667992295367,0.7845064047815421,1.0,0.3786693299824863,1,1,0,1,0,1,1
326,1226,3,-0.2008572058814454,0,0,-0.282359829681708,0.296728189505254,0.3193667992295367,0.1473617758255134,0.0,0.3786693299824863,0,0,1,0,1,0,0
327,1227,1,0.029286469300929,0,0,0.4970831485635313,1.0,0.3193667992295367,0.1473617758255134,0.3777267508610792,0.3786693299824863,0,0,1,0,1,0,1
328,1228,2,0.1827155860891787,0,0,-0.0626079019765704,0.296728189505254,0.3193667992295367,0.1473617758255134,0.3777267508610792,0.3786693299824863,0,0,1,0,1,0,0
329,1229,3,0.7197174948480526,0,2,-0.3110590646270951,0.296728189505254,0.3193667992295367,0.1473617758255134,0.0,0.3786693299824863,1,0,1,1,0,0,0
330,1230,2,-0.3542863226696952,0,0,0.7338755160997283,0.296728189505254,0.3193667992295367,0.1473617758255134,0.3777267508610792,0.3422902744510558,0,1,1,0,1,0,0
331,1231,3,0.0201679979384609,0,0,-0.3110590646270951,0.296728189505254,0.3193667992295367,0.5592338691102279,0.0,0.3786693299824863,1,0,1,1,0,0,0
332,1232,2,-0.891288231428569,0,0,-0.1702407963112054,0.296728189505254,0.3193667992295367,0.1473617758255134,0.3777267508610792,0.3422902744510558,0,0,1,0,1,0,0
333,1233,3,0.1827155860891787,0,0,-0.2959904594202461,0.296728189505254,0.3193667992295367,0.1473617758255134,0.3777267508610792,0.3786693299824863,0,0,1,0,1,0,0
334,1234,3,0.0201679979384609,1,9,2.3720481678728724,0.296728189505254,0.3193667992295367,0.1473617758255134,0.0,0.3422902744510558,1,1,1,0,1,0,0
335,1235,1,2.1772941043364247,0,1,21.435090906742555,0.4575498184364253,0.7268780919794394,0.7845064047815421,1.0,0.6335959636637203,0,1,0,1,0,1,1
336,1236,3,0.0201679979384609,1,1,0.0019718346242105,0.296728189505254,0.3193667992295367,0.5592338691102279,0.0,0.1171929876680605,1,1,1,0,1,0,0
337,1237,3,-1.0447173482168186,0,0,-0.2929422958526893,0.296728189505254,0.3193667992295367,0.694557287993632,0.3777267508610792,0.3786693299824863,0,0,0,0,1,1,1
338,1238,2,-0.2775717642755703,0,0,-0.0626079019765704,0.296728189505254,0.3193667992295367,0.1473617758255134,0.3777267508610792,0.3786693299824863,0,0,1,0,1,0,0
339,1239,3,0.6430029364539278,0,0,-0.3110590646270951,0.296728189505254,0.3193667992295367,0.7845064047815421,0.3777267508610792,0.3786693299824863,1,0,0,1,0,1,1
340,1240,2,-0.43100088106382,0,0,-0.0410813231096434,0.296728189505254,0.3193667992295367,0.1473617758255134,0.0,0.3786693299824863,0,0,1,0,1,0,0
341,1241,2,0.1060010276950538,0,0,0.2818173598942614,0.296728189505254,0.3193667992295367,0.694557287993632,0.3777267508610792,0.7493998060520021,0,1,0,0,1,1,1
342,1242,1,1.1800048452128016,0,1,2.105475931132169,1.0,0.7570437755286451,0.7845064047815421,1.0,0.6335959636637203,0,1,0,1,0,1,1
343,1243,2,-0.3542863226696952,0,0,-0.1702407963112054,0.296728189505254,0.3193667992295367,0.1473617758255134,0.3777267508610792,0.7493998060520021,0,0,1,0,1,0,0
344,1244,2,-0.891288231428569,0,0,2.542108140921596,0.296728189505254,0.3193667992295367,0.1473617758255134,0.3777267508610792,0.0,0,1,1,0,1,0,0
345,1245,2,1.486863078789301,1,2,2.176156300183837,0.296728189505254,0.3193667992295367,0.1473617758255134,1.0,0.3786693299824863,0,1,1,0,1,0,0
346,1246,3,-2.259108807595815,1,2,0.2635197678573734,0.296728189505254,0.3193667992295367,0.694557287993632,0.4575498184364253,0.3422902744510558,1,1,0,0,1,1,1
347,1247,1,1.5635776371834258,0,0,0.4970831485635313,0.3777267508610792,0.7237375661374565,0.1473617758255134,0.3777267508610792,0.3786693299824863,0,0,1,0,1,0,0
348,1248,1,2.2540086627305493,2,0,1.594043165095944,1.0,0.3193667992295367,0.7845064047815421,0.6881028471447279,0.3786693299824863,0,1,0,0,1,1,1
349,1249,3,0.0201679979384609,0,0,-0.28307451210009,0.296728189505254,0.3193667992295367,0.1473617758255134,0.3777267508610792,0.3786693299824863,1,0,1,0,1,0,0
350,1250,3,0.0201679979384609,0,0,-0.2886369800793039,0.296728189505254,0.3193667992295367,0.1473617758255134,0.3777267508610792,0.3786693299824863,0,0,1,0,0,0,0
351,1251,3,0.029286469300929,1,0,0.0471776502447572,0.296728189505254,0.3193667992295367,0.7845064047815421,0.0,0.3786693299824863,0,1,0,0,1,0,0
352,1252,3,-1.159789185808006,8,2,2.3720481678728724,0.296728189505254,0.3193667992295367,0.5592338691102279,0.0,0.3422902744510558,1,1,1,0,1,0,0
353,1253,2,-0.43100088106382,1,1,0.9708487068984072,0.296728189505254,0.3193667992295367,0.7845064047815421,0.4575498184364253,0.4219840429257837,1,1,0,1,0,1,1
354,1254,2,0.1060010276950538,0,0,0.2818173598942614,0.296728189505254,0.3193667992295367,0.7845064047815421,0.3777267508610792,0.3422902744510558,0,1,0,0,1,1,1
355,1255,3,-0.2008572058814454,0,0,-0.2493509736471621,0.296728189505254,0.3193667992295367,0.1473617758255134,0.3777267508610792,0.3786693299824863,0,0,1,0,1,0,0
356,1256,1,-0.3542863226696952,1,0,1.7646413026163403,0.6881028471447279,0.7237375661374565,0.7845064047815421,1.0,0.3786693299824863,0,1,0,1,0,1,1
357,1257,3,0.0201679979384609,1,9,2.3720481678728724,0.296728189505254,0.3193667992295367,0.7845064047815421,0.0,0.3422902744510558,1,1,0,0,1,0,0
358,1258,3,0.0201679979384609,1,0,0.0001765179467087,0.296728189505254,0.3193667992295367,0.1473617758255134,0.0,0.3786693299824863,1,1,1,1,0,0,0
359,1259,3,-0.5844299978520697,0,0,1.0863732450456578,0.296728189505254,0.3193667992295367,0.694557287993632,0.3777267508610792,0.3786693299824863,0,1,0,0,1,1,1
360,1260,1,1.1800048452128016,0,1,1.9350586168742543,0.296728189505254,0.3193667992295367,0.7845064047815421,0.3777267508610792,0.3786693299824863,0,0,0,1,0,1,1
361,1261,2,-0.0474280890931958,0,0,-0.0256553766936036,0.296728189505254,0.3193667992295367,0.1473617758255134,0.3777267508610792,0.4219840429257837,1,0,1,1,0,0,0
362,1262,2,-0.6611445562461945,1,0,-0.1271876385773514,0.296728189505254,0.3193667992295367,0.1473617758255134,0.0,0.3786693299824863,0,0,1,0,1,0,0
363,1263,1,0.1060010276950538,0,0,5.168350762686689,0.3777267508610792,0.7237375661374565,0.694557287993632,0.3777267508610792,0.3786693299824863,0,1,0,1,0,1,1
364,1264,1,1.486863078789301,0,0,-0.6222989525166723,0.3777267508610792,0.7268780919794394,0.1473617758255134,0.3777267508610792,0.3786693299824863,0,1,1,0,1,0,0
365,1265,2,1.1032902868186767,0,0,-0.0626079019765704,0.296728189505254,0.3193667992295367,0.1473617758255134,0.3777267508610792,0.3786693299824863,0,0,1,0,1,0,0
366,1266,1,1.870435870759925,1,1,2.901959349208468,1.0,0.4250495929995806,0.7845064047815421,1.0,0.3786693299824863,0,1,0,0,1,1,1
367,1267,1,1.1800048452128016,0,0,10.673773307903268,0.296728189505254,0.3193667992295367,0.694557287993632,0.0,0.6335959636637203,0,1,0,1,0,1,1
368,1268,3,-0.5844299978520697,2,0,-0.2493509736471621,0.296728189505254,0.3193667992295367,0.694557287993632,0.0,0.3786693299824863,0,0,0,0,1,0,0
369,1269,2,-0.6611445562461945,0,0,-0.1271876385773514,0.296728189505254,0.3193667992295367,0.1473617758255134,0.3777267508610792,0.3786693299824863,0,0,1,0,1,0,0
370,1270,1,1.94715042915405,0,0,1.530358934176027,1.0,0.3193667992295367,0.1473617758255134,0.3777267508610792,0.3786693299824863,1,0,1,0,1,0,0
371,1271,3,-1.888577490552192,4,2,0.7290320358546697,0.296728189505254,0.3193667992295367,0.5592338691102279,0.6881028471447279,0.3786693299824863,0,1,1,0,1,0,1
372,1272,3,0.0201679979384609,0,0,-0.2886369800793039,0.296728189505254,0.3193667992295367,0.1473617758255134,0.0,0.3786693299824863,0,0,1,0,0,0,0
373,1273,3,-0.2775717642755703,0,0,-0.28307451210009,0.296728189505254,0.3193667992295367,0.1473617758255134,0.3777267508610792,0.3786693299824863,0,0,1,0,0,0,0
374,1274,3,0.0201679979384609,0,0,0.0019718346242105,0.296728189505254,0.3193667992295367,0.7845064047815421,0.0,0.3786693299824863,0,1,0,0,1,0,0
375,1275,3,-0.8145736730344442,1,0,0.0708568869983769,0.296728189505254,0.3193667992295367,0.7845064047815421,0.0,0.3786693299824863,0,1,0,0,1,0,0
376,1276,2,0.0201679979384609,0,0,-0.0679895466933022,0.296728189505254,0.3193667992295367,0.1473617758255134,0.3777267508610792,0.4219840429257837,1,0,1,0,1,0,0
377,1277,2,-0.43100088106382,1,2,2.176156300183837,0.296728189505254,0.3193667992295367,0.694557287993632,1.0,0.3786693299824863,0,1,0,0,1,1,1
378,1278,3,-0.43100088106382,0,0,-0.2875606511359576,0.296728189505254,0.3193667992295367,0.1473617758255134,0.3777267508610792,0.3786693299824863,0,0,1,0,1,0,0
379,1279,2,2.1005795459423,0,0,-0.0626079019765704,0.296728189505254,0.3193667992295367,0.1473617758255134,0.3777267508610792,0.3786693299824863,0,0,1,0,1,0,0
380,1280,3,-0.6611445562461945,0,0,-0.2886369800793039,0.296728189505254,0.3193667992295367,0.1473617758255134,0.0,0.3786693299824863,0,0,1,0,0,0,0
381,1281,3,-1.811862932158067,3,1,0.2850463467243004,0.296728189505254,0.3193667992295367,0.5592338691102279,0.0,0.3786693299824863,0,1,1,0,1,0,0
382,1282,1,-0.5077154394579448,0,0,3.403171295598676,0.5974290683254926,0.7268780919794394,0.1473617758255134,0.3777267508610792,0.3786693299824863,0,1,1,0,1,1,1
383,1283,1,1.640292195577551,0,1,1.0739954621971748,1.0,0.7570437755286451,0.7845064047815421,1.0,0.6335959636637203,0,1,0,0,1,1,1
384,1284,3,-1.2748610233991933,0,2,0.2495274915938709,0.296728189505254,0.3193667992295367,0.5592338691102279,0.4575498184364253,0.3422902744510558,1,1,1,0,1,0,1
385,1285,2,1.3334339620010514,0,0,-0.1702407963112054,0.296728189505254,0.3193667992295367,0.1473617758255134,0.3777267508610792,0.3422902744510558,0,0,1,0,1,0,0
386,1286,3,-0.0474280890931958,3,1,0.3259468465714617,0.296728189505254,0.3193667992295367,0.1473617758255134,1.0,0.3786693299824863,0,1,1,0,1,0,0
387,1287,1,-0.891288231428569,1,0,1.960890511514567,0.4575498184364253,0.3193667992295367,0.7845064047815421,0.2712368797383162,0.3786693299824863,0,1,0,0,1,1,1
388,1288,3,-0.43100088106382,0,0,-0.3101635589462309,0.296728189505254,0.3193667992295367,0.1473617758255134,0.3777267508610792,0.3786693299824863,0,0,1,0,0,0,0
389,1289,1,1.4101485203951762,1,1,2.787511140004564,1.0,0.7268780919794394,0.7845064047815421,1.0,0.3786693299824863,0,1,0,1,0,1,1
390,1290,3,-0.5844299978520697,0,0,-0.2875606511359576,0.296728189505254,0.3193667992295367,0.1473617758255134,0.3777267508610792,0.3786693299824863,0,0,1,0,1,0,0
391,1291,3,0.1060010276950538,0,0,-0.2893559678134593,0.296728189505254,0.3193667992295367,0.1473617758255134,0.3777267508610792,0.3786693299824863,0,0,1,0,0,0,0
392,1292,1,0.029286469300929,0,0,6.475733087643314,0.5974290683254926,0.3193667992295367,0.694557287993632,1.0,0.3786693299824863,0,1,0,0,1,1,1
393,1293,2,0.6430029364539278,1,0,0.2818173598942614,0.296728189505254,0.3193667992295367,0.1473617758255134,0.0,0.3786693299824863,0,1,1,0,1,0,0
394,1294,1,-0.5844299978520697,0,1,1.9350586168742543,0.296728189505254,0.3193667992295367,0.694557287993632,0.3777267508610792,0.3786693299824863,0,1,0,1,0,1,1
395,1295,1,-0.9680027898226938,0,0,1.4055047767478506,0.296728189505254,0.3193667992295367,0.1473617758255134,0.0,0.3786693299824863,0,1,1,0,1,0,0
396,1296,1,1.026575728424552,1,0,0.5711690223919473,1.0,0.7570437755286451,0.1473617758255134,1.0,0.3786693299824863,0,0,1,1,0,1,1
397,1298,2,-0.5077154394579448,1,0,-0.1702407963112054,0.296728189505254,0.3193667992295367,0.1473617758255134,0.3777267508610792,0.3786693299824863,0,0,1,0,1,0,0
398,1299,1,1.5635776371834258,1,1,8.483443908193445,1.0,0.3193667992295367,0.1473617758255134,0.0,0.3786693299824863,0,1,1,1,0,0,0
399,1300,3,0.0201679979384609,0,0,-0.2898941322851325,0.296728189505254,0.3193667992295367,0.694557287993632,0.3777267508610792,0.3786693299824863,0,0,0,0,0,1,1
400,1301,3,-2.0420066073404417,1,1,-0.0292417047328336,0.296728189505254,0.3193667992295367,0.694557287993632,0.3777267508610792,0.0774802837748113,0,1,0,0,1,1,1
401,1302,3,0.0201679979384609,0,0,-0.2886369800793039,0.296728189505254,0.3193667992295367,0.694557287993632,0.3777267508610792,0.3786693299824863,0,0,0,0,0,1,1
402,1303,1,0.5662883780598029,1,0,3.2524852435301868,0.5974290683254926,0.3193667992295367,0.7845064047815421,0.4575498184364253,0.3786693299824863,0,1,0,0,0,1,1
403,1304,3,-0.1241426474873206,0,0,-0.2875606511359576,0.296728189505254,0.3193667992295367,0.694557287993632,0.3777267508610792,0.3786693299824863,0,0,0,0,1,1,1
404,1305,3,0.0201679979384609,0,0,-0.2757210327591477,0.296728189505254,0.3193667992295367,0.1473617758255134,0.3777267508610792,0.0,1,0,1,0,1,0,0
405,1306,1,0.7197174948480526,0,0,4.066189924700027,0.3777267508610792,0.3193667992295367,0.3777267508610792,0.3777267508610792,0.6335959636637203,0,1,0,1,0,1,1
406,1307,3,0.6813602156509901,0,0,-0.3101635589462309,0.296728189505254,0.3193667992295367,0.1473617758255134,0.3777267508610792,0.0774802837748113,0,0,1,0,1,0,0
407,1308,3,0.0201679979384609,0,0,-0.2757210327591477,0.296728189505254,0.3193667992295367,0.1473617758255134,0.3777267508610792,0.3786693299824863,0,0,1,0,1,0,0
408,1309,3,0.0201679979384609,1,1,0.3402964640441553,0.296728189505254,0.3193667992295367,0.5592338691102279,1.0,0.3786693299824863,1,1,1,1,0,0,1
